company,year,roe,roa,roi,roe_rank
MSFT,2009,36.8295,18.7051,33.6435,1
MCD,2009,32.4286,15.0571,18.5044,2
AAPL,2009,26.0272,17.3365,26.0272,3
BCS,2009,19.5283,0.8282,5.1862,4
GOOG,2009,18.1091,16.1,18.1091,5
AMZN,2009,17.1581,6.5301,17.1581,6
PCG,2009,11.658,2.8734,5.6624,7
INTC,2009,10.4762,8.2286,9.9856,8
SHLDQ,2009,1.0207,0.3907,0.8368,9
NVDA,2009,-1.2545,-0.8966,-1.2412,10
AIG,2009,-45.3061,-1.5123,-6.0641,11
MSFT,2010,40.628,21.7853,36.7023,1
MCD,2010,33.7996,15.4692,18.9287,2
AIG,2010,32.1262,1.9393,6.6699,3
AAPL,2010,29.3214,18.6385,29.3214,4
INTC,2010,23.1924,18.1433,22.2572,5
GOOG,2010,18.3928,14.7016,18.3928,6
AMZN,2010,16.7832,6.1286,13.6736,7
PCG,2010,9.6497,2.4183,4.8681,8
BCS,2010,6.0555,0.2531,1.5241,9
SHLDQ,2010,2.9677,1.1287,2.515,10
NVDA,2010,-2.551,-1.8959,-2.5278,11
MSFT,2011,40.555,21.2964,33.5488,1
MCD,2011,38.242,16.6812,20.7476,2
AAPL,2011,33.8341,22.2753,33.8341,3
INTC,2011,28.1893,18.1977,24.4212,4
AIG,2011,18.4222,3.4107,10.6183,5
GOOG,2011,16.7461,13.4167,15.9281,6
AMZN,2011,8.1346,2.4962,7.8757,7
NVDA,2011,7.9569,5.6314,7.8988,8
PCG,2011,6.9457,1.7246,3.5574,9
BCS,2011,4.6122,0.1923,1.368,10
SHLDQ,2011,1.6137,0.5706,1.2685,11
MCD,2012,35.7326,15.4432,18.8923,1
AAPL,2012,35.3041,23.7033,35.3041,2
MSFT,2012,25.5835,14.0001,22.0276,3
INTC,2012,21.4929,13.0467,17.1047,4
GOOG,2012,16.1096,12.3169,15.4652,5
NVDA,2012,14.0166,10.4646,13.9445,6
PCG,2012,6.2284,1.5825,3.2117,7
AIG,2012,3.7489,0.6742,2.5134,8
BCS,2012,-0.3749,-0.0158,-0.0829,9
AMZN,2012,-0.4761,-0.1198,-0.3459,10
SHLDQ,2012,-71.8728,-14.5924,-48.5301,11
MCD,2013,34.8907,15.2511,18.5335,1
AAPL,2013,29.9776,17.8923,26.3592,2
MSFT,2013,27.6943,15.3499,23.8822,3
INTC,2013,16.5133,10.416,13.4694,4
GOOG,2013,15.0729,11.8644,14.6965,5
NVDA,2013,11.6523,8.7728,11.6066,6
AIG,2013,8.9117,1.6641,6.3093,7
PCG,2013,5.6736,1.4891,3.0317,8
AMZN,2013,2.8114,0.6823,2.118,9
BCS,2013,2.0282,0.0988,0.547,10
SHLDQ,2013,-33.2283,-5.4498,-20.6061,11
MCD,2014,37.0159,13.9006,17.1211,1
AAPL,2014,35.4201,17.042,28.1142,2
MSFT,2014,24.5857,12.8051,19.9893,3
INTC,2014,20.9505,12.7356,17.231,4
GOOG,2014,13.1138,10.5429,12.7185,5
NVDA,2014,9.8734,6.0682,7.5468,6
PCG,2014,9.0625,2.4116,4.6699,7
AIG,2014,7.0606,1.469,5.469,8
PYPL,2014,5.08,1.9118,5.08,9
BCS,2014,1.2811,0.0622,0.3671,10
AMZN,2014,-2.2437,-0.4422,-1.268,11
SHLDQ,2014,-51.1223,-6.1114,-22.2444,12
SHLDQ,2015,191.5344,-13.7277,-84.5005,1
MCD,2015,63.9019,11.9385,14.5123,2
AAPL,2015,44.7355,18.3899,30.9201,3
INTC,2015,18.6953,11.2558,14.0777,4
MSFT,2015,15.2255,6.9885,11.3012,5
NVDA,2015,14.2825,8.7627,10.8494,6
GOOG,2015,13.5859,11.0863,13.3643,7
PYPL,2015,8.9251,4.2519,8.9251,8
PCG,2015,5.2769,1.4043,2.7112,9
AMZN,2015,4.4531,0.9205,2.7579,10
AIG,2015,2.4631,0.4472,1.8601,11
BCS,2015,0.9459,0.0556,0.251,12
SHLDQ,2016,57.6687,-9.9497,-742.1052,1
AAPL,2016,35.6237,14.2024,22.4312,2
MSFT,2016,28.5276,10.6162,18.2481,3
INTC,2016,15.577,9.1029,11.8745,4
GOOG,2016,14.0093,11.6289,13.6237,5
NVDA,2016,13.7391,8.3311,13.4472,6
AMZN,2016,12.2945,2.8429,8.7883,7
PYPL,2016,9.5228,4.2322,9.5228,8
PCG,2016,7.7342,2.0511,4.0887,9
BCS,2016,3.1346,0.1844,0.8387,10
AIG,2016,-0.337,-0.052,-0.2403,11
MCD,2016,-212.6069,15.1061,19.7958,12
SHLDQ,2017,58.0805,-23.7236,884.8605,1
AAPL,2017,36.0702,12.8826,20.9082,2
MSFT,2017,29.0602,10.1829,15.5626,3
NVDA,2017,28.9136,16.9292,21.4249,4
INTC,2017,13.9107,7.7899,10.2078,5
PYPL,2017,11.223,4.4023,11.223,6
AMZN,2017,10.9459,2.3098,5.7824,7
PCG,2017,8.5251,2.4407,4.4594,8
GOOG,2017,8.3028,6.4178,8.0922,9
BCS,2017,1.9707,0.1148,0.3862,10
AIG,2017,-9.2226,-1.2161,-6.2251,11
MCD,2017,-158.8832,15.3602,19.7663,12
AAPL,2018,55.5601,16.2775,29.6348,1
NVDA,2018,40.7844,27.1061,32.2229,2
INTC,2018,28.2352,16.4524,21.1246,3
AMZN,2018,23.1303,6.1931,15.0245,4
MSFT,2018,20.0331,6.4018,10.6937,5
GOOG,2018,17.3036,13.2032,16.9214,6
PYPL,2018,13.3693,4.7471,13.3693,7
SHLDQ,2018,10.2874,-5.274,25.9837,8
BCS,2018,3.7191,0.2093,0.6186,9
AIG,2018,0.1797,0.0209,0.1121,10
PCG,2018,-52.9877,-8.8798,-52.9877,11
MCD,2018,-94.6616,18.0557,23.872,12
AAPL,2019,61.0645,16.323,30.3113,1
NVDA,2019,44.3267,31.1541,36.549,2
MSFT,2019,38.3465,13.6937,23.22,3
INTC,2019,27.1573,15.4171,20.4723,4
AMZN,2019,18.6723,5.1446,13.5573,5
GOOG,2019,17.0486,12.4472,16.6717,6
PYPL,2019,14.5254,4.7903,11.2314,7
AIG,2019,6.1561,0.7849,4.0097,8
BCS,2019,5.1081,0.2942,0.9201,9
MCD,2019,-73.3883,12.6822,23.2571,10
PCG,2019,-141.8337,-8.9699,-141.8337,11
AAPL,2020,87.8664,17.7256,35.0054,1
MSFT,2020,37.4298,14.6961,24.8935,2
INTC,2020,25.7891,13.6514,18.1833,3
NVDA,2020,22.9105,16.1479,19.6971,4
AMZN,2020,22.8374,6.6411,17.0348,5
PYPL,2020,20.944,5.9705,14.4887,6
GOOG,2020,18.0949,12.5992,17.0288,7
BCS,2020,3.6796,0.1824,0.602,8
PCG,2020,-6.1356,-1.3326,-2.2275,9
AIG,2020,-8.7433,-0.9946,-5.5694,10
MCD,2020,-60.4545,8.9888,17.2823,11
AAPL,2021,150.0713,26.9742,54.9839,1
MSFT,2021,43.1522,18.3568,31.9017,2
GOOG,2021,30.2156,21.1633,28.5354,3
NVDA,2021,25.6438,15.0464,18.9526,4
AMZN,2021,24.134,7.9334,17.8428,5
INTC,2021,20.828,11.7977,15.4134,6
PYPL,2021,19.1881,5.4998,14.0012,7
AIG,2021,14.5016,1.6646,10.0157,8
BCS,2021,10.2918,0.522,1.6696,9
PCG,2021,-0.4146,-0.0852,-0.148,10
MCD,2021,-163.9903,14.0104,24.3223,11
AAPL,2022,196.9589,28.2924,66.6994,1
MSFT,2022,43.6755,19.937,34.0575,2
NVDA,2022,36.6451,22.0698,25.9652,3
AIG,2022,27.0084,2.1411,16.2446,4
GOOG,2022,23.4134,16.4188,22.1426,5
PYPL,2022,11.9315,3.073,7.8818,6
BCS,2022,8.624,0.3946,1.284,7
PCG,2022,7.8613,1.5289,2.5615,8
INTC,2022,7.7619,4.4025,5.687,9
AMZN,2022,-1.8638,-0.5883,-1.2768,10
MCD,2022,-102.8983,12.2481,20.6601,11
