company,year,roe,roa,roe_rank,roa_rank,rank_gap
MSFT,2009,36.8295,18.7051,1,1,0
MCD,2009,32.4286,15.0571,2,4,-2
AAPL,2009,26.0272,17.3365,3,2,1
BCS,2009,19.5283,0.8282,4,8,-4
GOOG,2009,18.1091,16.1,5,3,2
AMZN,2009,17.1581,6.5301,6,6,0
PCG,2009,11.658,2.8734,7,7,0
INTC,2009,10.4762,8.2286,8,5,3
SHLDQ,2009,1.0207,0.3907,9,9,0
NVDA,2009,-1.2545,-0.8966,10,10,0
AIG,2009,-45.3061,-1.5123,11,11,0
MSFT,2010,40.628,21.7853,1,1,0
MCD,2010,33.7996,15.4692,2,4,-2
AIG,2010,32.1262,1.9393,3,8,-5
AAPL,2010,29.3214,18.6385,4,2,2
INTC,2010,23.1924,18.1433,5,3,2
GOOG,2010,18.3928,14.7016,6,5,1
AMZN,2010,16.7832,6.1286,7,6,1
PCG,2010,9.6497,2.4183,8,7,1
BCS,2010,6.0555,0.2531,9,10,-1
SHLDQ,2010,2.9677,1.1287,10,9,1
NVDA,2010,-2.551,-1.8959,11,11,0
MSFT,2011,40.555,21.2964,1,2,-1
MCD,2011,38.242,16.6812,2,4,-2
AAPL,2011,33.8341,22.2753,3,1,2
INTC,2011,28.1893,18.1977,4,3,1
AIG,2011,18.4222,3.4107,5,7,-2
GOOG,2011,16.7461,13.4167,6,5,1
AMZN,2011,8.1346,2.4962,7,8,-1
NVDA,2011,7.9569,5.6314,8,6,2
PCG,2011,6.9457,1.7246,9,9,0
BCS,2011,4.6122,0.1923,10,11,-1
SHLDQ,2011,1.6137,0.5706,11,10,1
MCD,2012,35.7326,15.4432,1,2,-1
AAPL,2012,35.3041,23.7033,2,1,1
MSFT,2012,25.5835,14.0001,3,3,0
INTC,2012,21.4929,13.0467,4,4,0
GOOG,2012,16.1096,12.3169,5,5,0
NVDA,2012,14.0166,10.4646,6,6,0
PCG,2012,6.2284,1.5825,7,7,0
AIG,2012,3.7489,0.6742,8,8,0
BCS,2012,-0.3749,-0.0158,9,9,0
AMZN,2012,-0.4761,-0.1198,10,10,0
SHLDQ,2012,-71.8728,-14.5924,11,11,0
MCD,2013,34.8907,15.2511,1,3,-2
AAPL,2013,29.9776,17.8923,2,1,1
MSFT,2013,27.6943,15.3499,3,2,1
INTC,2013,16.5133,10.416,4,5,-1
GOOG,2013,15.0729,11.8644,5,4,1
NVDA,2013,11.6523,8.7728,6,6,0
AIG,2013,8.9117,1.6641,7,7,0
PCG,2013,5.6736,1.4891,8,8,0
AMZN,2013,2.8114,0.6823,9,9,0
BCS,2013,2.0282,0.0988,10,10,0
SHLDQ,2013,-33.2283,-5.4498,11,11,0
MCD,2014,37.0159,13.9006,1,2,-1
AAPL,2014,35.4201,17.042,2,1,1
MSFT,2014,24.5857,12.8051,3,3,0
INTC,2014,20.9505,12.7356,4,4,0
GOOG,2014,13.1138,10.5429,5,5,0
NVDA,2014,9.8734,6.0682,6,6,0
PCG,2014,9.0625,2.4116,7,7,0
AIG,2014,7.0606,1.469,8,9,-1
PYPL,2014,5.08,1.9118,9,8,1
BCS,2014,1.2811,0.0622,10,10,0
AMZN,2014,-2.2437,-0.4422,11,11,0
SHLDQ,2014,-51.1223,-6.1114,12,12,0
SHLDQ,2015,191.5344,-13.7277,1,12,-11
MCD,2015,63.9019,11.9385,2,2,0
AAPL,2015,44.7355,18.3899,3,1,2
INTC,2015,18.6953,11.2558,4,3,1
MSFT,2015,15.2255,6.9885,5,6,-1
NVDA,2015,14.2825,8.7627,6,5,1
GOOG,2015,13.5859,11.0863,7,4,3
PYPL,2015,8.9251,4.2519,8,7,1
PCG,2015,5.2769,1.4043,9,8,1
AMZN,2015,4.4531,0.9205,10,9,1
AIG,2015,2.4631,0.4472,11,10,1
BCS,2015,0.9459,0.0556,12,11,1
SHLDQ,2016,57.6687,-9.9497,1,12,-11
AAPL,2016,35.6237,14.2024,2,2,0
MSFT,2016,28.5276,10.6162,3,4,-1
INTC,2016,15.577,9.1029,4,5,-1
GOOG,2016,14.0093,11.6289,5,3,2
NVDA,2016,13.7391,8.3311,6,6,0
AMZN,2016,12.2945,2.8429,7,8,-1
PYPL,2016,9.5228,4.2322,8,7,1
PCG,2016,7.7342,2.0511,9,9,0
BCS,2016,3.1346,0.1844,10,10,0
AIG,2016,-0.337,-0.052,11,11,0
MCD,2016,-212.6069,15.1061,12,1,11
SHLDQ,2017,58.0805,-23.7236,1,12,-11
AAPL,2017,36.0702,12.8826,2,3,-1
MSFT,2017,29.0602,10.1829,3,4,-1
NVDA,2017,28.9136,16.9292,4,1,3
INTC,2017,13.9107,7.7899,5,5,0
PYPL,2017,11.223,4.4023,6,7,-1
AMZN,2017,10.9459,2.3098,7,9,-2
PCG,2017,8.5251,2.4407,8,8,0
GOOG,2017,8.3028,6.4178,9,6,3
BCS,2017,1.9707,0.1148,10,10,0
AIG,2017,-9.2226,-1.2161,11,11,0
MCD,2017,-158.8832,15.3602,12,2,10
AAPL,2018,55.5601,16.2775,1,4,-3
NVDA,2018,40.7844,27.1061,2,1,1
INTC,2018,28.2352,16.4524,3,3,0
AMZN,2018,23.1303,6.1931,4,7,-3
MSFT,2018,20.0331,6.4018,5,6,-1
GOOG,2018,17.3036,13.2032,6,5,1
PYPL,2018,13.3693,4.7471,7,8,-1
SHLDQ,2018,10.2874,-5.274,8,11,-3
BCS,2018,3.7191,0.2093,9,9,0
AIG,2018,0.1797,0.0209,10,10,0
PCG,2018,-52.9877,-8.8798,11,12,-1
MCD,2018,-94.6616,18.0557,12,2,10
AAPL,2019,61.0645,16.323,1,2,-1
NVDA,2019,44.3267,31.1541,2,1,1
MSFT,2019,38.3465,13.6937,3,4,-1
INTC,2019,27.1573,15.4171,4,3,1
AMZN,2019,18.6723,5.1446,5,7,-2
GOOG,2019,17.0486,12.4472,6,6,0
PYPL,2019,14.5254,4.7903,7,8,-1
AIG,2019,6.1561,0.7849,8,9,-1
BCS,2019,5.1081,0.2942,9,10,-1
MCD,2019,-73.3883,12.6822,10,5,5
PCG,2019,-141.8337,-8.9699,11,11,0
AAPL,2020,87.8664,17.7256,1,1,0
MSFT,2020,37.4298,14.6961,2,3,-1
INTC,2020,25.7891,13.6514,3,4,-1
NVDA,2020,22.9105,16.1479,4,2,2
AMZN,2020,22.8374,6.6411,5,7,-2
PYPL,2020,20.944,5.9705,6,8,-2
GOOG,2020,18.0949,12.5992,7,5,2
BCS,2020,3.6796,0.1824,8,9,-1
PCG,2020,-6.1356,-1.3326,9,11,-2
AIG,2020,-8.7433,-0.9946,10,10,0
MCD,2020,-60.4545,8.9888,11,6,5
AAPL,2021,150.0713,26.9742,1,1,0
MSFT,2021,43.1522,18.3568,2,3,-1
GOOG,2021,30.2156,21.1633,3,2,1
NVDA,2021,25.6438,15.0464,4,4,0
AMZN,2021,24.134,7.9334,5,7,-2
INTC,2021,20.828,11.7977,6,6,0
PYPL,2021,19.1881,5.4998,7,8,-1
AIG,2021,14.5016,1.6646,8,9,-1
BCS,2021,10.2918,0.522,9,10,-1
PCG,2021,-0.4146,-0.0852,10,11,-1
MCD,2021,-163.9903,14.0104,11,5,6
AAPL,2022,196.9589,28.2924,1,1,0
MSFT,2022,43.6755,19.937,2,3,-1
NVDA,2022,36.6451,22.0698,3,2,1
AIG,2022,27.0084,2.1411,4,8,-4
GOOG,2022,23.4134,16.4188,5,4,1
PYPL,2022,11.9315,3.073,6,7,-1
BCS,2022,8.624,0.3946,7,10,-3
PCG,2022,7.8613,1.5289,8,9,-1
INTC,2022,7.7619,4.4025,9,6,3
AMZN,2022,-1.8638,-0.5883,10,11,-1
MCD,2022,-102.8983,12.2481,11,5,6
